{"schemaVersion":"1.0","appDefinitionTemplate":{"id":"/providers/Microsoft.PowerApps/apps/","type":"Microsoft.PowerApps/apps","tags":{"minimumRequiredApiVersion":"2.2.0"},"properties":{"appVersion":"2018-12-15T05:49:03Z","lifeCycleId":"Published","createdByClientVersion":{"major":3,"minor":18114,"build":24,"revision":0,"majorRevision":0,"minorRevision":0},"minClientVersion":{"major":3,"minor":18114,"build":24,"revision":0,"majorRevision":0,"minorRevision":0},"backgroundColor":"rgba(105, 180, 69, 1)","backgroundImageUri":"/14807492255381834736/Nf334e1f8-669d-4bd4-af3d-710b5bca9870-logoSmallFile","displayName":"Consuming Content from Graph in PowerApps [PDFs]","description":"SharePoint Images in PowerApps Super Sized (Landscape)\nBrian Edwards\nbrian.edwards@powerapps.online","appUris":{"documentUri":{"value":"/14807492255381834736/N4c070dd2-6d54-4908-b2fc-74c381a00357-document.msapp","readonlyValue":"/14807492255381834736/N4c070dd2-6d54-4908-b2fc-74c381a00357-document.msapp"},"imageUris":[]},"createdTime":"0001-01-01T00:00:00Z","lastModifiedTime":"0001-01-01T00:00:00Z","sharedGroupsCount":0,"sharedUsersCount":0,"icons":{"smallIconUri":"/14807492255381834736/Ne7b7bb5a-c396-4105-9631-353035a2df11-small.png","mediumIconUri":"/14807492255381834736/N2a81fd4b-3d87-40a9-bafc-77e0842c5318-medium.png","largeIconUri":"/14807492255381834736/N70ba9dad-6112-4051-8739-ad640f70c9ca-large.png","wideIconUri":"/14807492255381834736/N8795b62f-e136-4d72-831a-7db43686abc0-wide.png"},"connectionReferences":{"7d202e89-46e1-4d90-ad71-182f2aa23d08":{"id":"d48c83ee-d64d-4ed3-ad98-ea7546076dd7","displayName":"SharePoint","iconUri":"https://connectoricons-prod.azureedge.net/sharepointonline/icon_1.0.1008.1183.png","dataSources":["Site Assets"],"dependencies":[],"dependents":["69929115-e9d2-4f08-9713-15616eeb293b"],"parameterHints":{},"isOnPremiseConnection":false,"bypassConsent":false,"dataSets":{"https://wonderkid.sharepoint.com/teams/Photos":{"dataSources":{"Site Assets":{"tableName":"Site Assets"}}}},"apiTier":"Standard","isCustomApiConnection":false},"69929115-e9d2-4f08-9713-15616eeb293b":{"id":"23e84b48-ff96-4a08-9355-e2a0c98260fc","displayName":"Logic flows","iconUri":"https://resourcestackdeploy.blob.core.windows.net/scripts/13276078.png","dataSources":["PowerApps-SPO-Content-Graph"],"dependencies":["7d202e89-46e1-4d90-ad71-182f2aa23d08"],"dependents":[],"parameterHints":{"workflowName":{"value":"68415644-bf4f-433a-beba-9753cdab97c6"},"7d202e89-46e1-4d90-ad71-182f2aa23d08":{"value":"shared_sharepointonline"}},"isOnPremiseConnection":false,"bypassConsent":false,"dataSets":{},"apiTier":"Standard","isCustomApiConnection":false}},"almMode":"Environment"}}}