{"schemaVersion":"1.0","appDefinitionTemplate":{"id":"/providers/Microsoft.PowerApps/apps/","type":"Microsoft.PowerApps/apps","tags":{"minimumRequiredApiVersion":"2.2.0"},"properties":{"appVersion":"2019-01-09T09:15:34Z","lifeCycleId":"Published","createdByClientVersion":{"major":3,"minor":18122,"build":23,"revision":0,"majorRevision":0,"minorRevision":0},"minClientVersion":{"major":3,"minor":18122,"build":23,"revision":0,"majorRevision":0,"minorRevision":0},"backgroundColor":"rgba(243, 138, 122, 1)","backgroundImageUri":"/1048784468221620539/N16f73ca0-89e7-44f9-b846-6c526a57e3cc-logoSmallFile","displayName":"SharePoint Graph-Powered Photos [Mobile]","description":"SharePoint Images in PowerApps Pumped Up\n\nhttps://masteroffice365.com\nbrian.edwards@masteroffice365.com","appUris":{"documentUri":{"value":"/1048784468221620539/N9bcf8f74-e983-449d-8c64-2abf0f1349dd-document.msapp","readonlyValue":"/1048784468221620539/N9bcf8f74-e983-449d-8c64-2abf0f1349dd-document.msapp"},"imageUris":[]},"createdTime":"0001-01-01T00:00:00Z","lastModifiedTime":"0001-01-01T00:00:00Z","sharedGroupsCount":0,"sharedUsersCount":0,"icons":{"smallIconUri":"/1048784468221620539/N0c40fac6-16c7-452e-967c-c0ba128a5eee-small.png","mediumIconUri":"/1048784468221620539/N01b63a20-0d6a-47f3-bfbb-6166176da568-medium.png","largeIconUri":"/1048784468221620539/N9c83e57b-00ba-4345-b1ef-3d0ae02f042f-large.png","wideIconUri":"/1048784468221620539/N40cf9718-f7a6-40f0-a7e3-b4bec1ff228e-wide.png"},"connectionReferences":{"409667c6-9e6e-4af9-bbe7-0f52cc50eb96":{"id":"d48c83ee-d64d-4ed3-ad98-ea7546076dd7","displayName":"SharePoint","iconUri":"https://connectoricons-prod.azureedge.net/sharepointonline/icon_1.0.1008.1183.png","dataSources":["Site Assets"],"dependencies":[],"dependents":["3ce8bded-70e7-46d8-b3ed-e3cf9d5b9951"],"parameterHints":{},"isOnPremiseConnection":false,"bypassConsent":false,"dataSets":{"https://wonderkid.sharepoint.com/teams/Photos":{"dataSources":{"Site Assets":{"tableName":"Site Assets"}}}},"apiTier":"Standard","isCustomApiConnection":false},"3ce8bded-70e7-46d8-b3ed-e3cf9d5b9951":{"id":"23e84b48-ff96-4a08-9355-e2a0c98260fc","displayName":"Logic flows","iconUri":"https://resourcestackdeploy.blob.core.windows.net/scripts/13276078.png","dataSources":["PowerApps-SPO-Content-Graph"],"dependencies":["409667c6-9e6e-4af9-bbe7-0f52cc50eb96"],"dependents":[],"parameterHints":{"workflowName":{"value":"68415644-bf4f-433a-beba-9753cdab97c6"},"409667c6-9e6e-4af9-bbe7-0f52cc50eb96":{"value":"shared_sharepointonline"}},"isOnPremiseConnection":false,"bypassConsent":false,"dataSets":{},"apiTier":"Standard","isCustomApiConnection":false}},"almMode":"Environment"}}}