{"schemaVersion":"1.0","appDefinitionTemplate":{"id":"/providers/Microsoft.PowerApps/apps/","type":"Microsoft.PowerApps/apps","tags":{"minimumRequiredApiVersion":"2.2.0"},"properties":{"appVersion":"2018-12-11T08:58:01Z","lifeCycleId":"Published","createdByClientVersion":{"major":3,"minor":18113,"build":20,"revision":0,"majorRevision":0,"minorRevision":0},"minClientVersion":{"major":3,"minor":18113,"build":20,"revision":0,"majorRevision":0,"minorRevision":0},"backgroundColor":"rgba(105, 180, 69, 1)","backgroundImageUri":"/16058025264044964953/Nf5e182f8-8206-453d-997d-2e05449c4681-logoSmallFile","displayName":"Consuming Content from Graph in PowerApps","description":"SharePoint Images in PowerApps Super Sized (Landscape)\nBrian Edwards\nbrian.edwards@powerapps.online","appUris":{"documentUri":{"value":"/16058025264044964953/N8d7172fe-0257-4c92-8d59-d369938402e7-document.msapp","readonlyValue":"/16058025264044964953/N8d7172fe-0257-4c92-8d59-d369938402e7-document.msapp"},"imageUris":[]},"createdTime":"0001-01-01T00:00:00Z","lastModifiedTime":"0001-01-01T00:00:00Z","sharedGroupsCount":0,"sharedUsersCount":0,"icons":{"smallIconUri":"/16058025264044964953/N845e6c4e-702f-4f98-9db4-84ab5659920a-small.png","mediumIconUri":"/16058025264044964953/N99f78879-4e7e-4e62-b159-3a4d2fb94702-medium.png","largeIconUri":"/16058025264044964953/N5275a8b0-9980-4115-9e25-29ca1d8a1026-large.png","wideIconUri":"/16058025264044964953/Ndaf1cee1-be2e-4594-82a1-784d83731957-wide.png"},"connectionReferences":{"7d202e89-46e1-4d90-ad71-182f2aa23d08":{"id":"d48c83ee-d64d-4ed3-ad98-ea7546076dd7","displayName":"SharePoint","iconUri":"https://connectoricons-prod.azureedge.net/sharepointonline/icon_1.0.1008.1183.png","dataSources":["Site Assets"],"dependencies":[],"dependents":["64d837d4-e765-4174-8605-133b56d3f74b"],"parameterHints":{},"isOnPremiseConnection":false,"bypassConsent":false,"dataSets":{"https://wonderkid.sharepoint.com/teams/Photos":{"dataSources":{"Site Assets":{"tableName":"Site Assets"}}}},"apiTier":"Standard","isCustomApiConnection":false},"64d837d4-e765-4174-8605-133b56d3f74b":{"id":"23e84b48-ff96-4a08-9355-e2a0c98260fc","displayName":"Logic flows","iconUri":"https://resourcestackdeploy.blob.core.windows.net/scripts/13276078.png","dataSources":["PowerApps-SPO-Content-Graph"],"dependencies":["7d202e89-46e1-4d90-ad71-182f2aa23d08"],"dependents":[],"parameterHints":{"workflowName":{"value":"68415644-bf4f-433a-beba-9753cdab97c6"},"7d202e89-46e1-4d90-ad71-182f2aa23d08":{"value":"shared_sharepointonline"}},"isOnPremiseConnection":false,"bypassConsent":false,"dataSets":{},"apiTier":"Standard","isCustomApiConnection":false}},"almMode":"Environment"}}}