{"name":"99ddd69e-0d72-4f3d-b2cc-b61a842cedb2","id":"/providers/Microsoft.Flow/flows/99ddd69e-0d72-4f3d-b2cc-b61a842cedb2","type":"Microsoft.Flow/flows","properties":{"apiId":"/providers/Microsoft.PowerApps/apis/shared_logicflows","displayName":"PowerApps-SPO-Content-Graph","definition":{"metadata":{"workflowEntityId":null,"creator":{"id":"cde2f6ec-1160-4c6b-aea2-666af8a79bf6","type":"User","tenantId":"6298d0a5-0e67-439e-8f40-a39ab6f8b9ec"},"provisioningMethod":"FromDefinition","failureAlertSubscription":true,"clientLastModifiedTime":"2018-12-11T08:56:22.487639Z"},"$schema":"https://schema.management.azure.com/providers/Microsoft.Logic/schemas/2016-06-01/workflowdefinition.json#","contentVersion":"1.0.0.0","parameters":{"$connections":{"defaultValue":{},"type":"Object"},"$authentication":{"defaultValue":{},"type":"SecureObject"}},"triggers":{"manual":{"type":"Request","kind":"PowerApp","inputs":{"schema":{"type":"object","required":["GetDrives_Uri","FilterDrives_Value"],"properties":{"GetDrives_Uri":{"type":"string","description":"Example: _api/web/lists/getbytitle('Documents'). This parameter is used as part of \"uri\"","x-ms-powerflows-param-ispartial":true},"FilterDrives_Value":{"type":"any","description":"Choose a value","x-ms-powerflows-param-ispartial":false}}}}}},"actions":{"Get_list_items":{"runAfter":{"Get_First_Library_ID":["Succeeded"]},"metadata":{"flowSystemMetadata":{"swaggerOperationId":"HttpRequest"}},"type":"ApiConnection","inputs":{"host":{"api":{"runtimeUrl":"https://flow-apim-europe-001-francecentral-01.azure-apim.net/apim/sharepointonline"},"connection":{"name":"@json(decodeBase64(triggerOutputs().headers['X-MS-APIM-Tokens']))['$connections']['shared_sharepointonline']['connectionId']"}},"method":"post","body":{"method":"GET","uri":"_api/v2.0/drives/@{variables('MyDocLibID')}/root/children?$expand=thumbnails($select=large),listitem()&$select=id,name,size,listitem,image","headers":{"Accept":"application/json"}},"path":"/datasets/@{encodeURIComponent(encodeURIComponent('https://wonderkid.sharepoint.com/'))}/httprequest","authentication":{"type":"Raw","value":"@json(decodeBase64(triggerOutputs().headers['X-MS-APIM-Tokens']))['$ConnectionKey']"}}},"Select_return_fields":{"runAfter":{"Get_list_items":["Succeeded"]},"type":"Select","inputs":{"from":"@array(body('Get_list_items')['value'])","select":{"Name":"@item()['name']","Size":"@item()['size']","ContentType":"@item()['listItem']['contentType']['name']","Thumbnail":"@if(empty(item()['thumbnails']),'', replace( item()['thumbnails'][0]['large']['url'], 'width=800&height=800', 'width={width}' ) )"}}},"Response":{"runAfter":{"Select_return_fields":["Succeeded"]},"type":"Response","kind":"Http","inputs":{"statusCode":200,"body":"@body('Select_return_fields')","schema":{"type":"array","items":{"type":"object","properties":{"Name":{"type":"string"},"Size":{"type":"integer"},"ContentType":{"type":"string"},"Thumbnail":{"type":"string"}},"required":["Name","Size","ContentType","Thumbnail"]}}}},"Get_Drives":{"runAfter":{},"metadata":{"flowSystemMetadata":{"swaggerOperationId":"HttpRequest"}},"type":"ApiConnection","inputs":{"host":{"api":{"runtimeUrl":"https://flow-apim-europe-001-francecentral-01.azure-apim.net/apim/sharepointonline"},"connection":{"name":"@json(decodeBase64(triggerOutputs().headers['X-MS-APIM-Tokens']))['$connections']['shared_sharepointonline']['connectionId']"}},"method":"post","body":{"method":"GET","uri":"_api/v2.0/sites/wonderkid.sharepoint.com:/teams/@{triggerBody()['GetDrives_Uri']}:/drives?$select=id,name,system","headers":{"Accept":"application/json"}},"path":"/datasets/@{encodeURIComponent(encodeURIComponent('https://wonderkid.sharepoint.com/'))}/httprequest","authentication":{"type":"Raw","value":"@json(decodeBase64(triggerOutputs().headers['X-MS-APIM-Tokens']))['$ConnectionKey']"}}},"Parse_Drives":{"runAfter":{"Get_Drives":["Succeeded"]},"type":"ParseJson","inputs":{"content":"@body('Get_Drives')","schema":{"type":"object","properties":{"@@odata.context":{"type":"string"},"value":{"type":"array","items":{"type":"object","properties":{"@@odata.type":{"type":"string"},"@@odata.id":{"type":"string"},"@@odata.editLink":{"type":"string"},"id":{"type":"string"},"name":{"type":"string"},"system":{"type":"object","properties":{}}},"required":["@@odata.type","@@odata.id","@@odata.editLink","id","name"]}}}}}},"Filter_Drives":{"runAfter":{"Parse_Drives":["Succeeded"]},"type":"Query","inputs":{"from":"@body('Parse_Drives')?['value']","where":"@equals(item()?['name'], triggerBody()['FilterDrives_Value'])"}},"Parse_Filtered_Drives_First_Library":{"runAfter":{"Filter_Drives":["Succeeded"]},"type":"InitializeVariable","inputs":{"variables":[{"name":"MyDocLib","type":"String","value":"@{first(body('Filter_Drives'))}"}]}},"Parse_First_Library":{"runAfter":{"Parse_Filtered_Drives_First_Library":["Succeeded"]},"type":"ParseJson","inputs":{"content":"@variables('MyDocLib')","schema":{"type":"object","properties":{"@@odata.type":{"type":"string"},"@@odata.id":{"type":"string"},"@@odata.editLink":{"type":"string"},"id":{"type":"string"},"name":{"type":"string"},"system":{"type":"object","properties":{}}}}}},"Get_First_Library_ID":{"runAfter":{"Parse_First_Library":["Succeeded"]},"type":"InitializeVariable","inputs":{"variables":[{"name":"MyDocLibID","type":"String","value":"@body('Parse_First_Library')?['id']"}]}}},"outputs":{}},"connectionReferences":{"shared_sharepointonline":{"connectionName":"shared-sharepointonl-068e0ebe-8033-4a49-9d6d-7fa2d29576ee","source":"Invoker","id":"/providers/Microsoft.PowerApps/apis/shared_sharepointonline","tier":"NotSpecified"}},"flowFailureAlertSubscribed":false}}